Country,Slope,Intercept,R_squared
India,-0.027061689444317732,356.6480415364549,0.22635673700473757
United States,-0.024012567226130654,352.2086103707917,0.42619691835421014
Brazil,-0.01390186491728405,363.2994798401853,0.17389954760603954
Germany,-0.01917073339651416,224.5016589918598,0.3711943976469907
Bangladesh,-0.011279660667088262,337.9245407229649,0.08286593662672159
